Renversement Dialectique;7a;16/02/2014;Fontainebleau
Satan m'Habite (raccourci);7a;04/03/2014;Fontainebleau
Abdolobotomy (assis);7a;11/03/2014;Fontainebleau
Yoga;6c+;23/03/2014;Fontainebleau
Retour aux Sources;7a;26/03/2014;Fontainebleau
Big Jim;6c+;30/03/2014;Fontainebleau
Yogi;7b;05/04/2014;Fontainebleau
Extraction Terrestre;7a+;05/04/2014;Fontainebleau
L'Oblique;7a;06/04/2014;Fontainebleau
Gargantoit;7a;13/04/2014;Fontainebleau
Beatle Juice;7a+;15/04/2014;Fontainebleau
Graviton;7a;17/04/2014;Fontainebleau
Telephone Maison;7a+;02/05/2014;Fontainebleau
La Grande Marche;7a+;07/05/2014;Fontainebleau
Action Directe (assis);7a;11/05/2014;Fontainebleau
S'il Vous Plait;7a;17/05/2014;Fontainebleau
Satan m'Habite;7b+;01/06/2014;Fontainebleau
Pensees Cachees;7b;11/06/2014;Fontainebleau
Guichot Business (du fond);6c+;18/06/2014;Fontainebleau
Achoppement Libre (du fond);7b;21/06/2014;Fontainebleau
Lapin ou Canard;6c;30/06/2014;Fontainebleau
Ah, Plus Facile!;7a+;16/07/2014;Fontainebleau
Sa Pelle au Logis;7a;24/07/2014;Fontainebleau
Coup de Faiblesse;7c;05/08/2014;Fontainebleau
Knees;7a;18/08/2014;Fontainebleau
El Paso (droite);7a;19/08/2014;Fontainebleau
Welcome to Tijuana;7c;24/08/2014;Fontainebleau
Crazy Horse;7b;07/09/2014;Fontainebleau
Arabesque / L'Autre Toit;7b+;22/10/2014;Fontainebleau
Memoire d'Outre-Tombe;7a+;19/11/2014;Fontainebleau
Pancras (assis);7c;29/11/2014;Fontainebleau
Hibernatus;7a+;26/12/2014;Fontainebleau
La Barre Fixe (assis);7b+;17/01/2015;Fontainebleau
Holey Moley;7a;04/02/2015;Fontainebleau
Mort Sur;7a;15/03/2015;Fontainebleau
74% de Cacao;6c+;15/03/2015;Fontainebleau
Pierrot;7b;18/03/2015;Fontainebleau
Feel du Logis;7a;18/03/2015;Fontainebleau
Sale Gosse;7c;21/03/2015;Fontainebleau
Le Jeu du Toit;7a;21/03/2015;Fontainebleau
Le Dolmen du Divin;7c;01/04/2015;Fontainebleau
Ecaille de Lune;7c;08/04/2015;Fontainebleau
Symbiose;7c;22/04/2015;Fontainebleau
Rudeboy;7a;22/04/2015;Fontainebleau
Le Plafond;7b+;17/05/2015;Fontainebleau
Rince-Doigts;7a;06/08/2015;Fontainebleau
Rince-Mi;7a;06/08/2015;Fontainebleau
Water Roof;7b+;08/08/2015;Fontainebleau
Begnots Story;7a;08/08/2015;Fontainebleau
Leviathan;7a;16/08/2015;Fontainebleau
Le Tri-Phase;7c+;17/08/2015;Fontainebleau
Little Crotale;7a+;21/08/2015;Fontainebleau
Little Cobra;7a+;21/08/2015;Fontainebleau
Haka (raccourci);7a;24/09/2015;Fontainebleau
Vigipirate;7a;27/09/2015;Fontainebleau
Magic Bus;7b;11/10/2015;Fontainebleau
Vandale;7c;01/11/2015;Fontainebleau
Alien;7c;01/11/2015;Fontainebleau
Tentation;7a;09/12/2015;Fontainebleau
La Ritournelle;7a+;11/12/2015;Fontainebleau
Bleau's Art;7b;20/12/2015;Fontainebleau
Salathe Wall;7a;20/12/2015;Fontainebleau
Le Presse-Puree;7a;24/12/2015;Fontainebleau
Chaos Data;7b;26/12/2015;Fontainebleau
Blocage Hurlant;7a+;26/12/2015;Fontainebleau
Armani;7a;26/12/2015;Fontainebleau
Tomahawk / Lapin Cinette;7a;26/12/2015;Fontainebleau
Fur Alina;7a;13/01/2016;Fontainebleau
Compressman;7a;16/01/2016;Fontainebleau
Chasseur de Prises;7a;16/01/2016;Fontainebleau
Comme un Animal (assis);7b;07/02/2016;Fontainebleau
COP 21;7b+;22/02/2016;Fontainebleau
Le Ressort Titan (direct);7b;22/02/2016;Fontainebleau
Le Ressort Titan (direct droite);7b;22/02/2016;Fontainebleau
La Fosse aux Oreilles;7b+;25/02/2016;Fontainebleau
Djembe;7c;26/02/2016;Fontainebleau
Chaman;7c;27/02/2016;Fontainebleau
Home;7b+;27/02/2016;Fontainebleau
Le Ressort Titan (direct gauche);7a;27/02/2016;Fontainebleau
La Fissure en Chantier;7a;27/02/2016;Fontainebleau
La Nuit;7c;28/02/2016;Fontainebleau
Get on Up;7c;02/03/2016;Fontainebleau
Dark Room;7a+;20/03/2016;Fontainebleau
Marmelade;7a+;20/03/2016;Fontainebleau
Rubis sur l'Ongle;7b+;28/03/2016;Fontainebleau
Kerosene (assis);7b;06/04/2016;Fontainebleau
Kerosene;7a;06/04/2016;Fontainebleau
Gazoline;7a;06/04/2016;Fontainebleau
Le Pilier de la Roche d'Hercule (assis);6c+;06/04/2016;Fontainebleau
El Poussif / Dune;7a+;13/04/2016;Fontainebleau
Iceberg (raccourci);7a+;13/04/2016;Fontainebleau
Le Surplomb Feuillete gauche (depart bas);7a;13/04/2016;Fontainebleau
Le Surplomb Feuillete droite (depart bas);7a;13/04/2016;Fontainebleau
Le Requin Lutin;7a+;17/04/2016;Fontainebleau
Les Dents de la Belle-Mer;7a;17/04/2016;Fontainebleau
Didgeridoo (assis);7a;17/04/2016;Fontainebleau
Le Toit du Cul de Chien;7a;18/04/2016;Fontainebleau
Neurotoxine;7a;23/04/2016;Fontainebleau
Accrocheur;7a;23/04/2016;Fontainebleau
Le Carnage;7b+;25/04/2016;Fontainebleau
Le Biceps Mou;7b;25/04/2016;Fontainebleau
Le Carnage (assis);7c;28/04/2016;Fontainebleau
Compression;7b+;07/05/2016;Fontainebleau
Decompression;7a;07/05/2016;Fontainebleau
Waterloo;7c;15/05/2016;Fontainebleau
Economie du Partage;7b;15/05/2016;Fontainebleau
Faux Pas;7a+;15/05/2016;Fontainebleau
Blind Spot;7a;15/05/2016;Fontainebleau
Coeur de Flamme;7a+;14/06/2016;Fontainebleau
Mik Mak;7a;14/06/2016;Fontainebleau
Le Mouton a 5 Pattes;7a;24/06/2016;Fontainebleau
Coup de Force;7c;04/07/2016;Fontainebleau
Aqua-Planning;7c;07/07/2016;Fontainebleau
Gargantoit (assis);7c;10/07/2016;Fontainebleau
A Prehension;7c+;12/07/2016;Fontainebleau
Lost in Translation;7a;29/07/2016;Fontainebleau
Le Dolmen des Vieux;7a;29/07/2016;Fontainebleau
Le Dolmen des Jeunes;7a;29/07/2016;Fontainebleau
Rencontre Plafonnique;7b;31/07/2016;Fontainebleau
Ludus;7a+;31/07/2016;Fontainebleau
Serenite (assis);7b;20/12/2016;Fontainebleau
Coup Fourre;7b+;24/06/2017;Fontainebleau
Coup de Guichot;7a;24/06/2017;Fontainebleau
Trop Beau pour Toit;7a+;26/06/2017;Fontainebleau
Devers Mais T'es pas Sur;7b;14/07/2017;Fontainebleau
Fenbren le Droite;7a;15/07/2017;Fontainebleau
Fenbren le Gauche;7a;15/07/2017;Fontainebleau
Fenbren le Fou;7b;25/07/2017;Fontainebleau
Reve Errance;7c+;26/07/2017;Fontainebleau
Fin de Deluge;7a+;17/08/2017;Fontainebleau
Master of Puppets;7b;23/08/2017;Fontainebleau
Basta;7a+;23/08/2017;Fontainebleau
Rasta;7a;23/08/2017;Fontainebleau
Splatch;7b+;28/08/2017;Fontainebleau
Le Danseur;7b;30/08/2017;Fontainebleau
Basta (assis);7b;30/08/2017;Fontainebleau
Pasta;7a;30/08/2017;Fontainebleau
Grimpe Etait Toit;7a;21/10/2018;Fontainebleau
En Dessous de Tout;7a;21/10/2018;Fontainebleau
L'Etroit Mousse, plus Bas que Terre;7a+;22/12/2018;Fontainebleau
Delit de Sale Nom;7a;22/12/2018;Fontainebleau
Les Alcoves;7a;24/12/2018;Fontainebleau
Le Surplomb de la Coquille (assis gauche);7a;24/12/2018;Fontainebleau
Pitt Boule;7a;03/01/2019;Fontainebleau
La Traversee d'Aurelien;7a;04/01/2019;Fontainebleau
Compression Ministerielle;7a+;16/02/2019;Fontainebleau
Pique par le Mystique;7a+;18/02/2019;Fontainebleau
Hara;7a+;22/02/2019;Fontainebleau
Levitation;7a+;10/03/2019;Fontainebleau
Rocking-Chair;7a;10/03/2019;Fontainebleau
Katioushka (gauche);7a+;18/04/2019;Fontainebleau
Chute de Pierre (assis);7a+;19/04/2019;Fontainebleau
Reve de Pierre;7a;19/04/2019;Fontainebleau
Azurite;7b;24/04/2019;Fontainebleau
Bord de Fuite;7a;24/04/2019;Fontainebleau
Albarrableau;7b+;26/04/2019;Fontainebleau
Onde de Choc;7b;26/04/2019;Fontainebleau
Egoiste (assis);7a+;26/04/2019;Fontainebleau
Ordalie (assis);7a+;25/05/2019;Fontainebleau
Close Contact (droite);7a+;08/06/2019;Fontainebleau
Behemoth;7b;01/07/2019;Fontainebleau
Poseidon;7a;03/07/2019;Fontainebleau
Katioushka;7b+;12/07/2019;Fontainebleau
Linserboulder;7a;13/07/2019;Magic Wood
Intermezzo;7c;15/07/2019;Magic Wood
Hohenrausch;7b+;17/07/2019;Magic Wood
Enterprise;7a;18/07/2019;Magic Wood
Stressman;7a;18/07/2019;Magic Wood
Dinos don't Dyno;7b;20/07/2019;Magic Wood
Valentines Day;7a+;20/07/2019;Magic Wood
Chiquita;7a;21/07/2019;Magic Wood
Marihuanacorner;7a;21/07/2019;Magic Wood
Le Dolmen des Jeunes (assis);7b+;28/07/2019;Fontainebleau
Le Sourire de Lola;7a+;31/07/2019;Fontainebleau
Le Nez de Lola;7a;31/07/2019;Fontainebleau
Abri Bouse;7b+;01/08/2019;Fontainebleau
Le Cadeau;7a+;01/08/2019;Fontainebleau
Exorciseur;7c;11/08/2019;Fontainebleau
Attention Chef d'OEuvre;7a;25/08/2019;Fontainebleau
Le Pare Dessus;7a;29/10/2019;Fontainebleau
Blocage Mental (assis);7a+;30/10/2019;Fontainebleau
Compression Zip;7a;21/12/2019;Fontainebleau
Piece de Resistance (assis);7b;23/12/2019;Fontainebleau
Bagheera;7c;25/12/2019;Fontainebleau
Pirouette Cacaouette;7c;06/03/2020;Fontainebleau
Le Grand Toit;7a+;22/05/2020;Fontainebleau
Grosminet;7b+;29/06/2020;Fontainebleau
Neanderthal;7b;01/07/2020;Fontainebleau
Passion Cornelienne;7a+;01/07/2020;Fontainebleau
Retour d'Ascenseur;7a+;01/07/2020;Fontainebleau
Ussy Cat;7a+;12/07/2020;Fontainebleau
La Mare (droite assis);7b+;17/07/2020;Fontainebleau
Irreversible;7c;06/09/2020;Fontainebleau
Le Flipper (assis);7a;31/10/2020;Fontainebleau
Indestructible;7a;20/12/2020;Fontainebleau
Supplement d'Armes;7b;01/01/2021;Fontainebleau
Supplement d'Armes (assis);7c;26/01/2021;Fontainebleau
Endorphines;7a+;17/02/2021;Fontainebleau
Longevite;7a;17/02/2021;Fontainebleau
Hotline;7c;30/04/2021;Fontainebleau
Lullaby (assis);7b+;07/05/2021;Fontainebleau
Lullaby (direct);7a+;07/05/2021;Fontainebleau
Monaco;7b;13/06/2021;Fontainebleau
Proue;7a;26/07/2021;Ailefroide
7a;7a;27/07/2021;Ailefroide
La Proue;7a;29/07/2021;Ailefroide
Cash debout;7a+;30/07/2021;Ailefroide
Cash assis;7b+;03/08/2021;Ailefroide
Maroual Chamakh;6b+;03/08/2021;Ailefroide
Le fantastique;6b;03/08/2021;Ailefroide
U-boot;6c;10/09/2021;Magic Wood
Super Bosna;7a;11/09/2021;Magic Wood
Zilliman;7a;11/09/2021;Magic Wood
Dropzone;7a;12/09/2021;Magic Wood
James Bong;7a+;13/09/2021;Magic Wood
Red Roses;7a+;13/09/2021;Magic Wood
Blindfisch;7a+;14/09/2021;Magic Wood
La Vola;6c;10/10/2021;Brione
Brione Arete;6b;10/10/2021;Brione
Cosmonota;7a;11/10/2021;Brione
Oblivion;7a;11/10/2021;Brione
Just toe it;7a;13/10/2021;Brione
Mister Orange;7a+;16/10/2021;Brione
Allungao meravigliao right;7b;17/10/2021;Brione
Palpa Tina;7a+;19/10/2021;Chironico
Rummikub;6b+;19/10/2021;Chironico
El Talisman;6c;20/10/2021;Chironico
Matusalem;6c;20/10/2021;Chironico
Doctor Med Dents;7b;22/10/2021;Chironico
Space cowboy;7a+;22/10/2021;Chironico
Espiritu del vino;7a+;28/11/2021;Albarracin
Coletazo sin cazo;7a;28/11/2021;Albarracin
A ciegas;7a+;29/11/2021;Albarracin
Brainstorm;7a;29/11/2021;Albarracin
Profundo;7b;30/11/2021;Albarracin
Los titiriteros;7a+;30/11/2021;Albarracin
L'empotramente del lament;7a;01/12/2021;Albarracin
Rammstein;7b;02/12/2021;Albarracin
Spider pig;6c;02/12/2021;Albarracin
El chorro;7a;03/12/2021;Albarracin
Eclipse;7b;04/12/2021;Albarracin
Quebrantamentes;7a+;04/12/2021;Albarracin
Ineschakra;7b+;06/12/2021;Albarracin
Flor de loto;7b;06/12/2021;Albarracin
Tardigrado;7b;07/12/2021;Albarracin
Black roof;6c;07/12/2021;Albarracin
El varano;7b+;09/12/2021;Albarracin
Zigzag;7a;09/12/2021;Albarracin
La lagrima;7a;09/12/2021;Albarracin
Aben Razin;7b+;11/12/2021;Albarracin
Pumuki;7a+;11/12/2021;Albarracin
El pelele;7b;12/12/2021;Albarracin
El murcielago;7a;12/12/2021;Albarracin
Ketamina;7a;12/12/2021;Albarracin
Zarzamora;7b+;14/12/2021;Albarracin
Techo don Pepo;7a;14/12/2021;Albarracin
O di la;7a;15/12/2021;Brione
Sbandiera Bianca;7a;15/12/2021;Brione
El plus del autobus;7b;16/12/2021;Albarracin
El orgasmo;7a+;16/12/2021;Albarracin
Trave de Techos;7b+;17/12/2021;Albarracin
Afropussy;7a;17/12/2021;Albarracin
Haine Ordi Nerf;7b+;31/12/2021;Fontainebleau
Furtif Haut;7b;05/01/2022;Fontainebleau
Weichei;7c+;07/01/2022;Rocklands
John Denver;7a;07/01/2022;Rocklands
Saigon;7c;11/01/2022;Fontainebleau
L'Impasse du Hasard;7a+;13/01/2022;Fontainebleau
Nouvelle Vague;7c;03/02/2022;Fontainebleau
Freestyle;7c;11/02/2022;Fontainebleau
Arcobleau (assis);7b;12/02/2022;Fontainebleau
Opale;7b;12/02/2022;Fontainebleau
Menhir (assis);7a+;12/02/2022;Fontainebleau
Concept;7a;12/02/2022;Fontainebleau
La Main Bleue;7c;15/02/2022;Fontainebleau
Priapisme (assis);7b+;23/02/2022;Fontainebleau
Priapisme;7a;23/02/2022;Fontainebleau
Furtif (droite);8a;25/02/2022;Fontainebleau
La Rampe;7a;26/02/2022;Fontainebleau
Plats de Saison (assis);7a+;03/03/2022;Fontainebleau
La Greve des Nains (assis direct);7a+;03/03/2022;Fontainebleau
La Greve des Nains (assis);7a;03/03/2022;Fontainebleau
Le Surplomb de la Coquille (assis);7a+;05/03/2022;Fontainebleau
Le Surplomb de la Coquille (direct);7a+;05/03/2022;Fontainebleau
La Putain du Diable;7b+;06/03/2022;Fontainebleau
Abriroc;7b;06/03/2022;Fontainebleau
Abriroc (gauche);7a;06/03/2022;Fontainebleau
La Gaule;7a+;08/03/2022;Fontainebleau
La Directe du Surplomb de la Mee;8a;10/03/2022;Fontainebleau
Smash;7b;10/03/2022;Fontainebleau
Jet Set;7a;10/03/2022;Fontainebleau
Le Magnifique;7a+;17/03/2022;Fontainebleau
Bizarre, Bizarre (assis);7a+;20/03/2022;Fontainebleau
Bizarre, Bizarre;7a;20/03/2022;Fontainebleau
Maracuja;7c;21/03/2022;Fontainebleau
La Baleine;7a+;21/03/2022;Fontainebleau
La Gaule (assis);7c;24/03/2022;Fontainebleau
Mowgli;7b+;26/03/2022;Fontainebleau
Apophis;7b;26/03/2022;Fontainebleau
Baloo;7b;26/03/2022;Fontainebleau
Wolf Gang;7a;26/03/2022;Fontainebleau
Symbiose (gauche);7c;27/03/2022;Fontainebleau
Velociraptor;7c;27/03/2022;Fontainebleau
Velociraptor (droite);7b;27/03/2022;Fontainebleau
Kric-Crak;7b;27/03/2022;Fontainebleau
Envie d'Ailes;7c;28/03/2022;Fontainebleau
Ca Tend a Gauche;7c;29/03/2022;Fontainebleau
Ca Tend a Gauche (raccourci);7a+;29/03/2022;Fontainebleau
I comme Irun;7c+;02/04/2022;Fontainebleau
El Poussah (rallonge);7b;02/04/2022;Fontainebleau
L'Angle Ben's;7a+;02/04/2022;Fontainebleau
El Poussah;7a;02/04/2022;Fontainebleau
La Grisaille;7b;04/04/2022;Fontainebleau
La Grisaille (direct);7a;04/04/2022;Fontainebleau
De Brevitate Vitae;7a;04/04/2022;Fontainebleau
Quartier Latin;6c;04/04/2022;Fontainebleau
Liakyssan;7b+;05/04/2022;Fontainebleau
Goriak;7b;05/04/2022;Fontainebleau
Anak;7a+;05/04/2022;Fontainebleau
Goran;7a+;05/04/2022;Fontainebleau
Tiliak;7a;05/04/2022;Fontainebleau
Ulysse;7a;05/04/2022;Fontainebleau
Isatix (assis);7b;09/04/2022;Fontainebleau
Isatix (droite assis);7a+;09/04/2022;Fontainebleau
Isatix;7a+;09/04/2022;Fontainebleau
Les Conquistadores;7b+;10/04/2022;Fontainebleau
Sustine ou Abstine;7a+;14/04/2022;Fontainebleau
L'Exterminateur d'Ecailles (assis);7a+;14/04/2022;Fontainebleau
Papa Gaga;7c;19/04/2022;Fontainebleau
Que Fais-tu?;7a+;19/04/2022;Fontainebleau
32 Milliemes;7a;19/04/2022;Fontainebleau
La Theorie du Complot;7b;21/04/2022;Fontainebleau
L'Etre Have;7c;22/04/2022;Fontainebleau
Pagota;8a;26/04/2022;Fontainebleau
Pain and Gain (assis);7b+;27/04/2022;Fontainebleau
Pavlova de Pont Loup;7b;27/04/2022;Fontainebleau
Pain and Gain;7a+;27/04/2022;Fontainebleau
Eclats (droite);7a;27/04/2022;Fontainebleau
Le Chainon Manquant (avec l'arete);7b;28/04/2022;Fontainebleau
Free Hug;7b;28/04/2022;Fontainebleau
Misericorde;7c+;03/05/2022;Fontainebleau
Bleautiful (assis);7b;03/05/2022;Fontainebleau
Confinement;7a+;03/05/2022;Fontainebleau
Bleautiful;6c+;03/05/2022;Fontainebleau
Le Lepreux (direct assis);7b;05/05/2022;Fontainebleau
Terminator;7a+;05/05/2022;Fontainebleau
Vis-a-Vis (assis);7a;12/05/2022;Fontainebleau
De Beatrix Nose a Joey Starr;7b;14/05/2022;Fontainebleau
Joey Starr (du bas);7b;14/05/2022;Fontainebleau
Beatrix Dalle (du bas);7b;14/05/2022;Fontainebleau
Damoiselle Beatrix (du bas);7a+;14/05/2022;Fontainebleau
Beatrix's Nose (du bas);7a;14/05/2022;Fontainebleau
Duroxmanie (direct);7a;19/05/2022;Fontainebleau
Duroxmanie (assis);7a;19/05/2022;Fontainebleau
Le Grand Toit (droite);7a;19/05/2022;Fontainebleau
Le Lot de Boudins;7b+;24/05/2022;Fontainebleau
Le Presse-Papiers (assis);7a+;24/05/2022;Fontainebleau
Donnant-Donnant;7a;24/05/2022;Fontainebleau
Plastikman;7a;24/05/2022;Fontainebleau
PMH (du fond);7b+;25/05/2022;Fontainebleau
La Fissure du Clodo (du fond);7b;25/05/2022;Fontainebleau
PMH (assis);7a+;25/05/2022;Fontainebleau
La Fissure du Clodo (assis);7a;25/05/2022;Fontainebleau
Fat Teddy's Drop;7c+;27/05/2022;Fontainebleau
Sherpa;7c+;28/05/2022;Fontainebleau
A l'Envers;7c+;31/05/2022;Fontainebleau
Le Bi Haut Woman;7b+;31/05/2022;Fontainebleau
Le Bi Haut;7b;31/05/2022;Fontainebleau
Le Bi se Marque;7a+;31/05/2022;Fontainebleau
30eme Rugissant (direct);7a;01/06/2022;Fontainebleau
Devers et des Pas Durs (assis);7b+;02/06/2022;Fontainebleau
Wolverine;7b;02/06/2022;Fontainebleau
Mystique;7a;02/06/2022;Fontainebleau
Devers et des Pas Durs;7a;02/06/2022;Fontainebleau
Machine Head;7b;07/06/2022;Fontainebleau
Minki;7b;10/06/2022;Rocklands
Poison Dwarf;7b;10/06/2022;Rocklands
Zanzibar;7a+;10/06/2022;Rocklands
Tea Garden Roof;7c;11/06/2022;Rocklands
Teatime;7c+;12/06/2022;Rocklands
Running out of turbo;7b+;12/06/2022;Rocklands
Dirty Lies;7b;12/06/2022;Rocklands
Maniac;7b;12/06/2022;Rocklands
Panic Room;7a+;12/06/2022;Rocklands
Teapot;7a;12/06/2022;Rocklands
Up the spout;6a;12/06/2022;Rocklands
Slash and Burn;7b+;13/06/2022;Rocklands
Love is in the air;6b+;13/06/2022;Rocklands
Last day in paradise;7c;15/06/2022;Rocklands
Stalker on the horizon;7c;15/06/2022;Rocklands
The Rhino;7b+;15/06/2022;Rocklands
Tiger claws;6c;15/06/2022;Rocklands
Arch babysitter;7b;16/06/2022;Rocklands
Esoterrorist right;6c+;16/06/2022;Rocklands
Sex etiquette;6c;16/06/2022;Rocklands
Sweet potato;7b;17/06/2022;Rocklands
Coal chamber;6c;17/06/2022;Rocklands
Girl on my mind;6b+;17/06/2022;Rocklands
Sunset traverse;7a;19/06/2022;Rocklands
Creaking heights;6c;19/06/2022;Rocklands
Born into struggle;7b;20/06/2022;Rocklands
Human Energy;7a;20/06/2022;Rocklands
Crazy legs;7b;22/06/2022;Rocklands
Vanity;7a+;22/06/2022;Rocklands
Silky natural;7a;22/06/2022;Rocklands
Pinotage;7c;26/06/2022;Rocklands
Un petit hueco dans Rocklands;7b;26/06/2022;Rocklands
Maties;7a;26/06/2022;Rocklands
Kingdom in the sky;7c;27/06/2022;Rocklands
Super shanntall;7a+;27/06/2022;Rocklands
Paddington bear;7a+;28/06/2022;Rocklands
Caroline;7c+;29/06/2022;Rocklands
Ulan Bator;7b+;30/06/2022;Rocklands
When the day breaks;7b;30/06/2022;Rocklands
The fin;7a;08/07/2022;Rocklands
The girlfriends problem;7a;08/07/2022;Rocklands
Night sesh;7b;09/07/2022;Rocklands
Free hugs;7a+;09/07/2022;Rocklands
Ganga babe;7b;10/07/2022;Rocklands
The reckoning sit left;7a;14/07/2022;Rocklands
The reckoning sit right;7a;14/07/2022;Rocklands
Golden rail;6c;14/07/2022;Rocklands
Distance;7c;15/07/2022;Rocklands
Tengo;7a+;15/07/2022;Rocklands
Double pudding;7a;15/07/2022;Rocklands
Hellfire;7c+;16/07/2022;Rocklands
Fire of love;7b+;16/07/2022;Rocklands
Tea arch high;7c;19/07/2022;Rocklands
Cedar Spine;7c;21/07/2022;Rocklands
The bridge;7b+;21/07/2022;Rocklands
Rouge warrior;7a+;21/07/2022;Rocklands
Roof is on fire;6c+;21/07/2022;Rocklands
No late tenders;7c+;24/07/2022;Rocklands
Kiesl;7a;24/07/2022;Rocklands
Ramskop;7a+;25/07/2022;Rocklands
The prow;7a+;25/07/2022;Rocklands
Powerband;7a;25/07/2022;Rocklands
Perfect;6c;25/07/2022;Rocklands
Sublime;6c;25/07/2022;Rocklands
Golden Wave;6a;25/07/2022;Rocklands
White Mazda Clan;7c;26/07/2022;Rocklands
Riverside slab;6b;26/07/2022;Rocklands
Crackodile;7a;04/08/2022;Fontainebleau
Jama Party;7b;08/08/2022;Fontainebleau
La Faim du Tigre;7b;09/08/2022;Fontainebleau
Le Brexit;7a+;09/08/2022;Fontainebleau
La Faim du Tigre (droite);7a;09/08/2022;Fontainebleau
La Vipere;7a+;13/08/2022;Fontainebleau
Anachorete;7c+;18/08/2022;Fontainebleau
Le Sacre du Printemps;7b+;26/08/2022;Fontainebleau
La Mouche;7b+;31/08/2022;Fontainebleau
Double Gaston;7b+;31/08/2022;Fontainebleau
Matagot;7a+;17/09/2022;Fontainebleau
Toutes des Precieuses;7a+;08/10/2022;Fontainebleau
Tread Lightly;7a;08/10/2022;Fontainebleau
Steppe;7a+;26/10/2022;Fontainebleau
Nomade;7a+;26/10/2022;Fontainebleau
Jeu t'es Fou (assis);7c;08/11/2022;Fontainebleau
Jeu t'es Fou;7a;08/11/2022;Fontainebleau
Fatwoman Light (en traversee);7a;18/11/2022;Fontainebleau
Fatwoman;7a;18/11/2022;Fontainebleau
La Directe de la Fosse aux Oreilles;7c;01/12/2022;Fontainebleau
Gaia;7c+;03/12/2022;Fontainebleau
Molonk;7c;06/12/2022;Brione
9th Power;7b+;06/12/2022;Brione
Black pearl;7c+;13/12/2022;Brione
Pamplemousse;7c+;15/12/2022;Brione
Frogger;8a;20/12/2022;Brione
Rendy's Slab;7a+;21/12/2022;Brione
Noir Desir (gauche);7b;26/12/2022;Fontainebleau
Australian Open;7b+;04/01/2023;Brione
Pause Cervelas;7c;05/01/2023;Brione
Ballermann;7b+;12/01/2023;Brione
Ballerman droite;7a+;12/01/2023;Brione
There is no spoon;7a;15/01/2023;Brione
Entwash;8a;23/01/2023;Brione
La Guerre du Feu;7a;14/02/2023;Fontainebleau
Voluptueuses;7c+;16/02/2023;Fontainebleau
Gaia (accroupi);8a+;06/04/2023;Fontainebleau
Big Mama (assis);7a;12/04/2023;Fontainebleau
Bifurcation;7b;22/04/2023;Fontainebleau
Karim Abdoul Gullich;7b+;24/04/2023;Fontainebleau
Coup d'Epaule (direct);7b;24/04/2023;Fontainebleau
Crescendo;8a;26/04/2023;Fontainebleau
Feerite;7b+;01/05/2023;Fontainebleau
Strate Eau Sphere (direct);7a;01/05/2023;Fontainebleau
L'Homme Fossile;8a;03/05/2023;Fontainebleau
Coeur de Lion;7a;26/05/2023;Fontainebleau
Salathe Wall (assis);7c+;06/10/2023;Fontainebleau
Asitaka;7a;04/11/2023;Albarracin
Fight Club;7a;08/11/2023;Albarracin
Me entiendes;7a;10/11/2023;Albarracin
Variente del Redil;7a;10/11/2023;Albarracin
El jirafa;7a;10/11/2023;Albarracin
Pinturas Buldestres;7a;11/11/2023;Albarracin
Avalancha;7a;11/11/2023;Albarracin
L'Imparfait du Subversif;7b;28/11/2023;Fontainebleau
L'Imparfait (droite);7a;28/11/2023;Fontainebleau
Pro touch Trav;7a;10/12/2023;Brione
Atlantis;7c;14/12/2023;Brione
Fake Pamplemousse;8a;16/12/2023;Brione
Lato B;7b;20/12/2023;Brione
L'Abbe Resina / La Berezina;7c;11/01/2024;Fontainebleau
Sanseveria;7a;11/01/2024;Fontainebleau
Respire;7c+;06/02/2024;Fontainebleau
Creme Brulee;7c;24/02/2024;Fontainebleau
Regime Obligatoire;7a;24/02/2024;Fontainebleau
Ulysse (rallonge);7b;19/03/2024;Fontainebleau
Tiliak (rallonge);7b;19/03/2024;Fontainebleau
Mojo Failing;7a;19/03/2024;Fontainebleau
Mojo Rising;7a;19/03/2024;Fontainebleau
Roc a Dos;7c;22/03/2024;Fontainebleau
Modulor;7b;24/03/2024;Fontainebleau
Beefeater;7b;24/03/2024;Fontainebleau
Changing of the Guard;7a;24/03/2024;Fontainebleau
Sentry Post;7a;24/03/2024;Fontainebleau
Infinite Down;7a;24/03/2024;Fontainebleau
Burn-Out;7b;23/04/2024;Fontainebleau
Malicia (droite);7a;23/04/2024;Fontainebleau
Minisex;7c;17/06/2024;Magic Wood
Jack the Chipper;7b+;22/06/2024;Magic Wood
Piranha;7c+;25/06/2024;Magic Wood
Ganja Party;7a+;18/07/2024;Val Daone
Shrek;7a;18/07/2024;Val Daone
Odin;7b;23/07/2024;Silvretta
Golden Go;7a;23/07/2024;Silvretta
Marabou;7b;24/07/2024;Silvretta
Atomblitz;7b;31/07/2024;Silvretta
Tomahawk;7a;31/07/2024;Silvretta
2nd skin;7c;03/08/2024;Silvretta
Crossover;7b;20/08/2024;Silvretta
Shattenkrieger;8a;29/08/2024;Silvretta
Doner pfeife;7b;01/09/2024;Silvretta
Diamond nuts;8a;03/09/2024;Silvretta
Zwiederwurzn;7c;06/09/2024;Silvretta
